"","nation","scenario","date","npi","Rt","Rt_sd","adherence","key","region"
"1","england","July-19",2021-07-19,"full_lift_schools_open",2.703,0.2,"central","July-19: central","east_of_england"
"2","england","July-19",2021-07-19,"full_lift_schools_open",2.703,0.2,"central","July-19: central","midlands"
"3","england","July-19",2021-07-19,"full_lift_schools_open",2.703,0.2,"central","July-19: central","london"
"4","england","July-19",2021-07-19,"full_lift_schools_open",2.703,0.2,"central","July-19: central","north_east_and_yorkshire"
"5","england","July-19",2021-07-19,"full_lift_schools_open",2.703,0.2,"central","July-19: central","north_west"
"6","england","July-19",2021-07-19,"full_lift_schools_open",2.703,0.2,"central","July-19: central","south_east"
"7","england","July-19",2021-07-19,"full_lift_schools_open",2.703,0.2,"central","July-19: central","south_west"
"8","england","July-19",2021-07-19,"full_lift_schools_open",2.226,0.2,"high","July-19: high","east_of_england"
"9","england","July-19",2021-07-19,"full_lift_schools_open",2.226,0.2,"high","July-19: high","midlands"
"10","england","July-19",2021-07-19,"full_lift_schools_open",2.226,0.2,"high","July-19: high","london"
"11","england","July-19",2021-07-19,"full_lift_schools_open",2.226,0.2,"high","July-19: high","north_east_and_yorkshire"
"12","england","July-19",2021-07-19,"full_lift_schools_open",2.226,0.2,"high","July-19: high","north_west"
"13","england","July-19",2021-07-19,"full_lift_schools_open",2.226,0.2,"high","July-19: high","south_east"
"14","england","July-19",2021-07-19,"full_lift_schools_open",2.226,0.2,"high","July-19: high","south_west"
"15","england","July-19",2021-07-19,"full_lift_schools_open",3.18,0.2,"low","July-19: low","east_of_england"
"16","england","July-19",2021-07-19,"full_lift_schools_open",3.18,0.2,"low","July-19: low","midlands"
"17","england","July-19",2021-07-19,"full_lift_schools_open",3.18,0.2,"low","July-19: low","london"
"18","england","July-19",2021-07-19,"full_lift_schools_open",3.18,0.2,"low","July-19: low","north_east_and_yorkshire"
"19","england","July-19",2021-07-19,"full_lift_schools_open",3.18,0.2,"low","July-19: low","north_west"
"20","england","July-19",2021-07-19,"full_lift_schools_open",3.18,0.2,"low","July-19: low","south_east"
"21","england","July-19",2021-07-19,"full_lift_schools_open",3.18,0.2,"low","July-19: low","south_west"
"22","england","July-19",2021-07-24,"full_lift_schools_closed",2.453,0.2,"central","July-19: central","east_of_england"
"23","england","July-19",2021-07-24,"full_lift_schools_closed",2.453,0.2,"central","July-19: central","midlands"
"24","england","July-19",2021-07-24,"full_lift_schools_closed",2.453,0.2,"central","July-19: central","london"
"25","england","July-19",2021-07-24,"full_lift_schools_closed",2.453,0.2,"central","July-19: central","north_east_and_yorkshire"
"26","england","July-19",2021-07-24,"full_lift_schools_closed",2.453,0.2,"central","July-19: central","north_west"
"27","england","July-19",2021-07-24,"full_lift_schools_closed",2.453,0.2,"central","July-19: central","south_east"
"28","england","July-19",2021-07-24,"full_lift_schools_closed",2.453,0.2,"central","July-19: central","south_west"
"29","england","July-19",2021-07-24,"full_lift_schools_closed",1.976,0.2,"high","July-19: high","east_of_england"
"30","england","July-19",2021-07-24,"full_lift_schools_closed",1.976,0.2,"high","July-19: high","midlands"
"31","england","July-19",2021-07-24,"full_lift_schools_closed",1.976,0.2,"high","July-19: high","london"
"32","england","July-19",2021-07-24,"full_lift_schools_closed",1.976,0.2,"high","July-19: high","north_east_and_yorkshire"
"33","england","July-19",2021-07-24,"full_lift_schools_closed",1.976,0.2,"high","July-19: high","north_west"
"34","england","July-19",2021-07-24,"full_lift_schools_closed",1.976,0.2,"high","July-19: high","south_east"
"35","england","July-19",2021-07-24,"full_lift_schools_closed",1.976,0.2,"high","July-19: high","south_west"
"36","england","July-19",2021-07-24,"full_lift_schools_closed",2.93,0.2,"low","July-19: low","east_of_england"
"37","england","July-19",2021-07-24,"full_lift_schools_closed",2.93,0.2,"low","July-19: low","midlands"
"38","england","July-19",2021-07-24,"full_lift_schools_closed",2.93,0.2,"low","July-19: low","london"
"39","england","July-19",2021-07-24,"full_lift_schools_closed",2.93,0.2,"low","July-19: low","north_east_and_yorkshire"
"40","england","July-19",2021-07-24,"full_lift_schools_closed",2.93,0.2,"low","July-19: low","north_west"
"41","england","July-19",2021-07-24,"full_lift_schools_closed",2.93,0.2,"low","July-19: low","south_east"
"42","england","July-19",2021-07-24,"full_lift_schools_closed",2.93,0.2,"low","July-19: low","south_west"
"43","england","July-19",2021-09-01,"full_lift_schools_open",2.703,0.2,"central","July-19: central","east_of_england"
"44","england","July-19",2021-09-01,"full_lift_schools_open",2.703,0.2,"central","July-19: central","midlands"
"45","england","July-19",2021-09-01,"full_lift_schools_open",2.703,0.2,"central","July-19: central","london"
"46","england","July-19",2021-09-01,"full_lift_schools_open",2.703,0.2,"central","July-19: central","north_east_and_yorkshire"
"47","england","July-19",2021-09-01,"full_lift_schools_open",2.703,0.2,"central","July-19: central","north_west"
"48","england","July-19",2021-09-01,"full_lift_schools_open",2.703,0.2,"central","July-19: central","south_east"
"49","england","July-19",2021-09-01,"full_lift_schools_open",2.703,0.2,"central","July-19: central","south_west"
"50","england","July-19",2021-09-01,"full_lift_schools_open",2.226,0.2,"high","July-19: high","east_of_england"
"51","england","July-19",2021-09-01,"full_lift_schools_open",2.226,0.2,"high","July-19: high","midlands"
"52","england","July-19",2021-09-01,"full_lift_schools_open",2.226,0.2,"high","July-19: high","london"
"53","england","July-19",2021-09-01,"full_lift_schools_open",2.226,0.2,"high","July-19: high","north_east_and_yorkshire"
"54","england","July-19",2021-09-01,"full_lift_schools_open",2.226,0.2,"high","July-19: high","north_west"
"55","england","July-19",2021-09-01,"full_lift_schools_open",2.226,0.2,"high","July-19: high","south_east"
"56","england","July-19",2021-09-01,"full_lift_schools_open",2.226,0.2,"high","July-19: high","south_west"
"57","england","July-19",2021-09-01,"full_lift_schools_open",3.18,0.2,"low","July-19: low","east_of_england"
"58","england","July-19",2021-09-01,"full_lift_schools_open",3.18,0.2,"low","July-19: low","midlands"
"59","england","July-19",2021-09-01,"full_lift_schools_open",3.18,0.2,"low","July-19: low","london"
"60","england","July-19",2021-09-01,"full_lift_schools_open",3.18,0.2,"low","July-19: low","north_east_and_yorkshire"
"61","england","July-19",2021-09-01,"full_lift_schools_open",3.18,0.2,"low","July-19: low","north_west"
"62","england","July-19",2021-09-01,"full_lift_schools_open",3.18,0.2,"low","July-19: low","south_east"
"63","england","July-19",2021-09-01,"full_lift_schools_open",3.18,0.2,"low","July-19: low","south_west"
"64","england","July-19",2021-10-23,"full_lift_schools_closed",2.453,0.2,"central","July-19: central","east_of_england"
"65","england","July-19",2021-10-23,"full_lift_schools_closed",2.453,0.2,"central","July-19: central","midlands"
"66","england","July-19",2021-10-23,"full_lift_schools_closed",2.453,0.2,"central","July-19: central","london"
"67","england","July-19",2021-10-23,"full_lift_schools_closed",2.453,0.2,"central","July-19: central","north_east_and_yorkshire"
"68","england","July-19",2021-10-23,"full_lift_schools_closed",2.453,0.2,"central","July-19: central","north_west"
"69","england","July-19",2021-10-23,"full_lift_schools_closed",2.453,0.2,"central","July-19: central","south_east"
"70","england","July-19",2021-10-23,"full_lift_schools_closed",2.453,0.2,"central","July-19: central","south_west"
"71","england","July-19",2021-10-23,"full_lift_schools_closed",1.976,0.2,"high","July-19: high","east_of_england"
"72","england","July-19",2021-10-23,"full_lift_schools_closed",1.976,0.2,"high","July-19: high","midlands"
"73","england","July-19",2021-10-23,"full_lift_schools_closed",1.976,0.2,"high","July-19: high","london"
"74","england","July-19",2021-10-23,"full_lift_schools_closed",1.976,0.2,"high","July-19: high","north_east_and_yorkshire"
"75","england","July-19",2021-10-23,"full_lift_schools_closed",1.976,0.2,"high","July-19: high","north_west"
"76","england","July-19",2021-10-23,"full_lift_schools_closed",1.976,0.2,"high","July-19: high","south_east"
"77","england","July-19",2021-10-23,"full_lift_schools_closed",1.976,0.2,"high","July-19: high","south_west"
"78","england","July-19",2021-10-23,"full_lift_schools_closed",2.93,0.2,"low","July-19: low","east_of_england"
"79","england","July-19",2021-10-23,"full_lift_schools_closed",2.93,0.2,"low","July-19: low","midlands"
"80","england","July-19",2021-10-23,"full_lift_schools_closed",2.93,0.2,"low","July-19: low","london"
"81","england","July-19",2021-10-23,"full_lift_schools_closed",2.93,0.2,"low","July-19: low","north_east_and_yorkshire"
"82","england","July-19",2021-10-23,"full_lift_schools_closed",2.93,0.2,"low","July-19: low","north_west"
"83","england","July-19",2021-10-23,"full_lift_schools_closed",2.93,0.2,"low","July-19: low","south_east"
"84","england","July-19",2021-10-23,"full_lift_schools_closed",2.93,0.2,"low","July-19: low","south_west"
"85","england","July-19",2021-11-01,"full_lift_schools_open",2.703,0.2,"central","July-19: central","east_of_england"
"86","england","July-19",2021-11-01,"full_lift_schools_open",2.703,0.2,"central","July-19: central","midlands"
"87","england","July-19",2021-11-01,"full_lift_schools_open",2.703,0.2,"central","July-19: central","london"
"88","england","July-19",2021-11-01,"full_lift_schools_open",2.703,0.2,"central","July-19: central","north_east_and_yorkshire"
"89","england","July-19",2021-11-01,"full_lift_schools_open",2.703,0.2,"central","July-19: central","north_west"
"90","england","July-19",2021-11-01,"full_lift_schools_open",2.703,0.2,"central","July-19: central","south_east"
"91","england","July-19",2021-11-01,"full_lift_schools_open",2.703,0.2,"central","July-19: central","south_west"
"92","england","July-19",2021-11-01,"full_lift_schools_open",2.226,0.2,"high","July-19: high","east_of_england"
"93","england","July-19",2021-11-01,"full_lift_schools_open",2.226,0.2,"high","July-19: high","midlands"
"94","england","July-19",2021-11-01,"full_lift_schools_open",2.226,0.2,"high","July-19: high","london"
"95","england","July-19",2021-11-01,"full_lift_schools_open",2.226,0.2,"high","July-19: high","north_east_and_yorkshire"
"96","england","July-19",2021-11-01,"full_lift_schools_open",2.226,0.2,"high","July-19: high","north_west"
"97","england","July-19",2021-11-01,"full_lift_schools_open",2.226,0.2,"high","July-19: high","south_east"
"98","england","July-19",2021-11-01,"full_lift_schools_open",2.226,0.2,"high","July-19: high","south_west"
"99","england","July-19",2021-11-01,"full_lift_schools_open",3.18,0.2,"low","July-19: low","east_of_england"
"100","england","July-19",2021-11-01,"full_lift_schools_open",3.18,0.2,"low","July-19: low","midlands"
"101","england","July-19",2021-11-01,"full_lift_schools_open",3.18,0.2,"low","July-19: low","london"
"102","england","July-19",2021-11-01,"full_lift_schools_open",3.18,0.2,"low","July-19: low","north_east_and_yorkshire"
"103","england","July-19",2021-11-01,"full_lift_schools_open",3.18,0.2,"low","July-19: low","north_west"
"104","england","July-19",2021-11-01,"full_lift_schools_open",3.18,0.2,"low","July-19: low","south_east"
"105","england","July-19",2021-11-01,"full_lift_schools_open",3.18,0.2,"low","July-19: low","south_west"
"106","england","July-19",2021-12-18,"full_lift_schools_closed",2.453,0.2,"central","July-19: central","east_of_england"
"107","england","July-19",2021-12-18,"full_lift_schools_closed",2.453,0.2,"central","July-19: central","midlands"
"108","england","July-19",2021-12-18,"full_lift_schools_closed",2.453,0.2,"central","July-19: central","london"
"109","england","July-19",2021-12-18,"full_lift_schools_closed",2.453,0.2,"central","July-19: central","north_east_and_yorkshire"
"110","england","July-19",2021-12-18,"full_lift_schools_closed",2.453,0.2,"central","July-19: central","north_west"
"111","england","July-19",2021-12-18,"full_lift_schools_closed",2.453,0.2,"central","July-19: central","south_east"
"112","england","July-19",2021-12-18,"full_lift_schools_closed",2.453,0.2,"central","July-19: central","south_west"
"113","england","July-19",2021-12-18,"full_lift_schools_closed",1.976,0.2,"high","July-19: high","east_of_england"
"114","england","July-19",2021-12-18,"full_lift_schools_closed",1.976,0.2,"high","July-19: high","midlands"
"115","england","July-19",2021-12-18,"full_lift_schools_closed",1.976,0.2,"high","July-19: high","london"
"116","england","July-19",2021-12-18,"full_lift_schools_closed",1.976,0.2,"high","July-19: high","north_east_and_yorkshire"
"117","england","July-19",2021-12-18,"full_lift_schools_closed",1.976,0.2,"high","July-19: high","north_west"
"118","england","July-19",2021-12-18,"full_lift_schools_closed",1.976,0.2,"high","July-19: high","south_east"
"119","england","July-19",2021-12-18,"full_lift_schools_closed",1.976,0.2,"high","July-19: high","south_west"
"120","england","July-19",2021-12-18,"full_lift_schools_closed",2.93,0.2,"low","July-19: low","east_of_england"
"121","england","July-19",2021-12-18,"full_lift_schools_closed",2.93,0.2,"low","July-19: low","midlands"
"122","england","July-19",2021-12-18,"full_lift_schools_closed",2.93,0.2,"low","July-19: low","london"
"123","england","July-19",2021-12-18,"full_lift_schools_closed",2.93,0.2,"low","July-19: low","north_east_and_yorkshire"
"124","england","July-19",2021-12-18,"full_lift_schools_closed",2.93,0.2,"low","July-19: low","north_west"
"125","england","July-19",2021-12-18,"full_lift_schools_closed",2.93,0.2,"low","July-19: low","south_east"
"126","england","July-19",2021-12-18,"full_lift_schools_closed",2.93,0.2,"low","July-19: low","south_west"
"127","england","July-19",2022-01-04,"full_lift_schools_open",2.703,0.2,"central","July-19: central","east_of_england"
"128","england","July-19",2022-01-04,"full_lift_schools_open",2.703,0.2,"central","July-19: central","midlands"
"129","england","July-19",2022-01-04,"full_lift_schools_open",2.703,0.2,"central","July-19: central","london"
"130","england","July-19",2022-01-04,"full_lift_schools_open",2.703,0.2,"central","July-19: central","north_east_and_yorkshire"
"131","england","July-19",2022-01-04,"full_lift_schools_open",2.703,0.2,"central","July-19: central","north_west"
"132","england","July-19",2022-01-04,"full_lift_schools_open",2.703,0.2,"central","July-19: central","south_east"
"133","england","July-19",2022-01-04,"full_lift_schools_open",2.703,0.2,"central","July-19: central","south_west"
"134","england","July-19",2022-01-04,"full_lift_schools_open",2.226,0.2,"high","July-19: high","east_of_england"
"135","england","July-19",2022-01-04,"full_lift_schools_open",2.226,0.2,"high","July-19: high","midlands"
"136","england","July-19",2022-01-04,"full_lift_schools_open",2.226,0.2,"high","July-19: high","london"
"137","england","July-19",2022-01-04,"full_lift_schools_open",2.226,0.2,"high","July-19: high","north_east_and_yorkshire"
"138","england","July-19",2022-01-04,"full_lift_schools_open",2.226,0.2,"high","July-19: high","north_west"
"139","england","July-19",2022-01-04,"full_lift_schools_open",2.226,0.2,"high","July-19: high","south_east"
"140","england","July-19",2022-01-04,"full_lift_schools_open",2.226,0.2,"high","July-19: high","south_west"
"141","england","July-19",2022-01-04,"full_lift_schools_open",3.18,0.2,"low","July-19: low","east_of_england"
"142","england","July-19",2022-01-04,"full_lift_schools_open",3.18,0.2,"low","July-19: low","midlands"
"143","england","July-19",2022-01-04,"full_lift_schools_open",3.18,0.2,"low","July-19: low","london"
"144","england","July-19",2022-01-04,"full_lift_schools_open",3.18,0.2,"low","July-19: low","north_east_and_yorkshire"
"145","england","July-19",2022-01-04,"full_lift_schools_open",3.18,0.2,"low","July-19: low","north_west"
"146","england","July-19",2022-01-04,"full_lift_schools_open",3.18,0.2,"low","July-19: low","south_east"
"147","england","July-19",2022-01-04,"full_lift_schools_open",3.18,0.2,"low","July-19: low","south_west"
"148","england","July-19",2022-02-12,"full_lift_schools_closed",2.453,0.2,"central","July-19: central","east_of_england"
"149","england","July-19",2022-02-12,"full_lift_schools_closed",2.453,0.2,"central","July-19: central","midlands"
"150","england","July-19",2022-02-12,"full_lift_schools_closed",2.453,0.2,"central","July-19: central","london"
"151","england","July-19",2022-02-12,"full_lift_schools_closed",2.453,0.2,"central","July-19: central","north_east_and_yorkshire"
"152","england","July-19",2022-02-12,"full_lift_schools_closed",2.453,0.2,"central","July-19: central","north_west"
"153","england","July-19",2022-02-12,"full_lift_schools_closed",2.453,0.2,"central","July-19: central","south_east"
"154","england","July-19",2022-02-12,"full_lift_schools_closed",2.453,0.2,"central","July-19: central","south_west"
"155","england","July-19",2022-02-12,"full_lift_schools_closed",1.976,0.2,"high","July-19: high","east_of_england"
"156","england","July-19",2022-02-12,"full_lift_schools_closed",1.976,0.2,"high","July-19: high","midlands"
"157","england","July-19",2022-02-12,"full_lift_schools_closed",1.976,0.2,"high","July-19: high","london"
"158","england","July-19",2022-02-12,"full_lift_schools_closed",1.976,0.2,"high","July-19: high","north_east_and_yorkshire"
"159","england","July-19",2022-02-12,"full_lift_schools_closed",1.976,0.2,"high","July-19: high","north_west"
"160","england","July-19",2022-02-12,"full_lift_schools_closed",1.976,0.2,"high","July-19: high","south_east"
"161","england","July-19",2022-02-12,"full_lift_schools_closed",1.976,0.2,"high","July-19: high","south_west"
"162","england","July-19",2022-02-12,"full_lift_schools_closed",2.93,0.2,"low","July-19: low","east_of_england"
"163","england","July-19",2022-02-12,"full_lift_schools_closed",2.93,0.2,"low","July-19: low","midlands"
"164","england","July-19",2022-02-12,"full_lift_schools_closed",2.93,0.2,"low","July-19: low","london"
"165","england","July-19",2022-02-12,"full_lift_schools_closed",2.93,0.2,"low","July-19: low","north_east_and_yorkshire"
"166","england","July-19",2022-02-12,"full_lift_schools_closed",2.93,0.2,"low","July-19: low","north_west"
"167","england","July-19",2022-02-12,"full_lift_schools_closed",2.93,0.2,"low","July-19: low","south_east"
"168","england","July-19",2022-02-12,"full_lift_schools_closed",2.93,0.2,"low","July-19: low","south_west"
"169","england","July-19",2022-02-21,"full_lift_schools_open",2.703,0.2,"central","July-19: central","east_of_england"
"170","england","July-19",2022-02-21,"full_lift_schools_open",2.703,0.2,"central","July-19: central","midlands"
"171","england","July-19",2022-02-21,"full_lift_schools_open",2.703,0.2,"central","July-19: central","london"
"172","england","July-19",2022-02-21,"full_lift_schools_open",2.703,0.2,"central","July-19: central","north_east_and_yorkshire"
"173","england","July-19",2022-02-21,"full_lift_schools_open",2.703,0.2,"central","July-19: central","north_west"
"174","england","July-19",2022-02-21,"full_lift_schools_open",2.703,0.2,"central","July-19: central","south_east"
"175","england","July-19",2022-02-21,"full_lift_schools_open",2.703,0.2,"central","July-19: central","south_west"
"176","england","July-19",2022-02-21,"full_lift_schools_open",2.226,0.2,"high","July-19: high","east_of_england"
"177","england","July-19",2022-02-21,"full_lift_schools_open",2.226,0.2,"high","July-19: high","midlands"
"178","england","July-19",2022-02-21,"full_lift_schools_open",2.226,0.2,"high","July-19: high","london"
"179","england","July-19",2022-02-21,"full_lift_schools_open",2.226,0.2,"high","July-19: high","north_east_and_yorkshire"
"180","england","July-19",2022-02-21,"full_lift_schools_open",2.226,0.2,"high","July-19: high","north_west"
"181","england","July-19",2022-02-21,"full_lift_schools_open",2.226,0.2,"high","July-19: high","south_east"
"182","england","July-19",2022-02-21,"full_lift_schools_open",2.226,0.2,"high","July-19: high","south_west"
"183","england","July-19",2022-02-21,"full_lift_schools_open",3.18,0.2,"low","July-19: low","east_of_england"
"184","england","July-19",2022-02-21,"full_lift_schools_open",3.18,0.2,"low","July-19: low","midlands"
"185","england","July-19",2022-02-21,"full_lift_schools_open",3.18,0.2,"low","July-19: low","london"
"186","england","July-19",2022-02-21,"full_lift_schools_open",3.18,0.2,"low","July-19: low","north_east_and_yorkshire"
"187","england","July-19",2022-02-21,"full_lift_schools_open",3.18,0.2,"low","July-19: low","north_west"
"188","england","July-19",2022-02-21,"full_lift_schools_open",3.18,0.2,"low","July-19: low","south_east"
"189","england","July-19",2022-02-21,"full_lift_schools_open",3.18,0.2,"low","July-19: low","south_west"
"190","england","July-19",2022-04-02,"full_lift_schools_closed",2.453,0.2,"central","July-19: central","east_of_england"
"191","england","July-19",2022-04-02,"full_lift_schools_closed",2.453,0.2,"central","July-19: central","midlands"
"192","england","July-19",2022-04-02,"full_lift_schools_closed",2.453,0.2,"central","July-19: central","london"
"193","england","July-19",2022-04-02,"full_lift_schools_closed",2.453,0.2,"central","July-19: central","north_east_and_yorkshire"
"194","england","July-19",2022-04-02,"full_lift_schools_closed",2.453,0.2,"central","July-19: central","north_west"
"195","england","July-19",2022-04-02,"full_lift_schools_closed",2.453,0.2,"central","July-19: central","south_east"
"196","england","July-19",2022-04-02,"full_lift_schools_closed",2.453,0.2,"central","July-19: central","south_west"
"197","england","July-19",2022-04-02,"full_lift_schools_closed",1.976,0.2,"high","July-19: high","east_of_england"
"198","england","July-19",2022-04-02,"full_lift_schools_closed",1.976,0.2,"high","July-19: high","midlands"
"199","england","July-19",2022-04-02,"full_lift_schools_closed",1.976,0.2,"high","July-19: high","london"
"200","england","July-19",2022-04-02,"full_lift_schools_closed",1.976,0.2,"high","July-19: high","north_east_and_yorkshire"
"201","england","July-19",2022-04-02,"full_lift_schools_closed",1.976,0.2,"high","July-19: high","north_west"
"202","england","July-19",2022-04-02,"full_lift_schools_closed",1.976,0.2,"high","July-19: high","south_east"
"203","england","July-19",2022-04-02,"full_lift_schools_closed",1.976,0.2,"high","July-19: high","south_west"
"204","england","July-19",2022-04-02,"full_lift_schools_closed",2.93,0.2,"low","July-19: low","east_of_england"
"205","england","July-19",2022-04-02,"full_lift_schools_closed",2.93,0.2,"low","July-19: low","midlands"
"206","england","July-19",2022-04-02,"full_lift_schools_closed",2.93,0.2,"low","July-19: low","london"
"207","england","July-19",2022-04-02,"full_lift_schools_closed",2.93,0.2,"low","July-19: low","north_east_and_yorkshire"
"208","england","July-19",2022-04-02,"full_lift_schools_closed",2.93,0.2,"low","July-19: low","north_west"
"209","england","July-19",2022-04-02,"full_lift_schools_closed",2.93,0.2,"low","July-19: low","south_east"
"210","england","July-19",2022-04-02,"full_lift_schools_closed",2.93,0.2,"low","July-19: low","south_west"
"211","england","July-19",2022-04-19,"full_lift_schools_open",2.703,0.2,"central","July-19: central","east_of_england"
"212","england","July-19",2022-04-19,"full_lift_schools_open",2.703,0.2,"central","July-19: central","midlands"
"213","england","July-19",2022-04-19,"full_lift_schools_open",2.703,0.2,"central","July-19: central","london"
"214","england","July-19",2022-04-19,"full_lift_schools_open",2.703,0.2,"central","July-19: central","north_east_and_yorkshire"
"215","england","July-19",2022-04-19,"full_lift_schools_open",2.703,0.2,"central","July-19: central","north_west"
"216","england","July-19",2022-04-19,"full_lift_schools_open",2.703,0.2,"central","July-19: central","south_east"
"217","england","July-19",2022-04-19,"full_lift_schools_open",2.703,0.2,"central","July-19: central","south_west"
"218","england","July-19",2022-04-19,"full_lift_schools_open",2.226,0.2,"high","July-19: high","east_of_england"
"219","england","July-19",2022-04-19,"full_lift_schools_open",2.226,0.2,"high","July-19: high","midlands"
"220","england","July-19",2022-04-19,"full_lift_schools_open",2.226,0.2,"high","July-19: high","london"
"221","england","July-19",2022-04-19,"full_lift_schools_open",2.226,0.2,"high","July-19: high","north_east_and_yorkshire"
"222","england","July-19",2022-04-19,"full_lift_schools_open",2.226,0.2,"high","July-19: high","north_west"
"223","england","July-19",2022-04-19,"full_lift_schools_open",2.226,0.2,"high","July-19: high","south_east"
"224","england","July-19",2022-04-19,"full_lift_schools_open",2.226,0.2,"high","July-19: high","south_west"
"225","england","July-19",2022-04-19,"full_lift_schools_open",3.18,0.2,"low","July-19: low","east_of_england"
"226","england","July-19",2022-04-19,"full_lift_schools_open",3.18,0.2,"low","July-19: low","midlands"
"227","england","July-19",2022-04-19,"full_lift_schools_open",3.18,0.2,"low","July-19: low","london"
"228","england","July-19",2022-04-19,"full_lift_schools_open",3.18,0.2,"low","July-19: low","north_east_and_yorkshire"
"229","england","July-19",2022-04-19,"full_lift_schools_open",3.18,0.2,"low","July-19: low","north_west"
"230","england","July-19",2022-04-19,"full_lift_schools_open",3.18,0.2,"low","July-19: low","south_east"
"231","england","July-19",2022-04-19,"full_lift_schools_open",3.18,0.2,"low","July-19: low","south_west"
"232","england","July-19",2022-05-28,"full_lift_schools_closed",2.453,0.2,"central","July-19: central","east_of_england"
"233","england","July-19",2022-05-28,"full_lift_schools_closed",2.453,0.2,"central","July-19: central","midlands"
"234","england","July-19",2022-05-28,"full_lift_schools_closed",2.453,0.2,"central","July-19: central","london"
"235","england","July-19",2022-05-28,"full_lift_schools_closed",2.453,0.2,"central","July-19: central","north_east_and_yorkshire"
"236","england","July-19",2022-05-28,"full_lift_schools_closed",2.453,0.2,"central","July-19: central","north_west"
"237","england","July-19",2022-05-28,"full_lift_schools_closed",2.453,0.2,"central","July-19: central","south_east"
"238","england","July-19",2022-05-28,"full_lift_schools_closed",2.453,0.2,"central","July-19: central","south_west"
"239","england","July-19",2022-05-28,"full_lift_schools_closed",1.976,0.2,"high","July-19: high","east_of_england"
"240","england","July-19",2022-05-28,"full_lift_schools_closed",1.976,0.2,"high","July-19: high","midlands"
"241","england","July-19",2022-05-28,"full_lift_schools_closed",1.976,0.2,"high","July-19: high","london"
"242","england","July-19",2022-05-28,"full_lift_schools_closed",1.976,0.2,"high","July-19: high","north_east_and_yorkshire"
"243","england","July-19",2022-05-28,"full_lift_schools_closed",1.976,0.2,"high","July-19: high","north_west"
"244","england","July-19",2022-05-28,"full_lift_schools_closed",1.976,0.2,"high","July-19: high","south_east"
"245","england","July-19",2022-05-28,"full_lift_schools_closed",1.976,0.2,"high","July-19: high","south_west"
"246","england","July-19",2022-05-28,"full_lift_schools_closed",2.93,0.2,"low","July-19: low","east_of_england"
"247","england","July-19",2022-05-28,"full_lift_schools_closed",2.93,0.2,"low","July-19: low","midlands"
"248","england","July-19",2022-05-28,"full_lift_schools_closed",2.93,0.2,"low","July-19: low","london"
"249","england","July-19",2022-05-28,"full_lift_schools_closed",2.93,0.2,"low","July-19: low","north_east_and_yorkshire"
"250","england","July-19",2022-05-28,"full_lift_schools_closed",2.93,0.2,"low","July-19: low","north_west"
"251","england","July-19",2022-05-28,"full_lift_schools_closed",2.93,0.2,"low","July-19: low","south_east"
"252","england","July-19",2022-05-28,"full_lift_schools_closed",2.93,0.2,"low","July-19: low","south_west"
"253","england","JulyGradual",2021-07-19,"p1_full_lift_schools_open",1.313,0.2,"central","JulyGradual: central","east_of_england"
"254","england","JulyGradual",2021-07-19,"p1_full_lift_schools_open",1.313,0.2,"central","JulyGradual: central","midlands"
"255","england","JulyGradual",2021-07-19,"p1_full_lift_schools_open",1.313,0.2,"central","JulyGradual: central","london"
"256","england","JulyGradual",2021-07-19,"p1_full_lift_schools_open",1.313,0.2,"central","JulyGradual: central","north_east_and_yorkshire"
"257","england","JulyGradual",2021-07-19,"p1_full_lift_schools_open",1.313,0.2,"central","JulyGradual: central","north_west"
"258","england","JulyGradual",2021-07-19,"p1_full_lift_schools_open",1.313,0.2,"central","JulyGradual: central","south_east"
"259","england","JulyGradual",2021-07-19,"p1_full_lift_schools_open",1.313,0.2,"central","JulyGradual: central","south_west"
"260","england","JulyGradual",2021-07-19,"p1_full_lift_schools_open",1.27,0.2,"high","JulyGradual: high","east_of_england"
"261","england","JulyGradual",2021-07-19,"p1_full_lift_schools_open",1.27,0.2,"high","JulyGradual: high","midlands"
"262","england","JulyGradual",2021-07-19,"p1_full_lift_schools_open",1.27,0.2,"high","JulyGradual: high","london"
"263","england","JulyGradual",2021-07-19,"p1_full_lift_schools_open",1.27,0.2,"high","JulyGradual: high","north_east_and_yorkshire"
"264","england","JulyGradual",2021-07-19,"p1_full_lift_schools_open",1.27,0.2,"high","JulyGradual: high","north_west"
"265","england","JulyGradual",2021-07-19,"p1_full_lift_schools_open",1.27,0.2,"high","JulyGradual: high","south_east"
"266","england","JulyGradual",2021-07-19,"p1_full_lift_schools_open",1.27,0.2,"high","JulyGradual: high","south_west"
"267","england","JulyGradual",2021-07-19,"p1_full_lift_schools_open",1.357,0.2,"low","JulyGradual: low","east_of_england"
"268","england","JulyGradual",2021-07-19,"p1_full_lift_schools_open",1.357,0.2,"low","JulyGradual: low","midlands"
"269","england","JulyGradual",2021-07-19,"p1_full_lift_schools_open",1.357,0.2,"low","JulyGradual: low","london"
"270","england","JulyGradual",2021-07-19,"p1_full_lift_schools_open",1.357,0.2,"low","JulyGradual: low","north_east_and_yorkshire"
"271","england","JulyGradual",2021-07-19,"p1_full_lift_schools_open",1.357,0.2,"low","JulyGradual: low","north_west"
"272","england","JulyGradual",2021-07-19,"p1_full_lift_schools_open",1.357,0.2,"low","JulyGradual: low","south_east"
"273","england","JulyGradual",2021-07-19,"p1_full_lift_schools_open",1.357,0.2,"low","JulyGradual: low","south_west"
"274","england","JulyGradual",2021-07-24,"p1_full_lift_schools_closed",1.313,0.2,"central","JulyGradual: central","east_of_england"
"275","england","JulyGradual",2021-07-24,"p1_full_lift_schools_closed",1.313,0.2,"central","JulyGradual: central","midlands"
"276","england","JulyGradual",2021-07-24,"p1_full_lift_schools_closed",1.313,0.2,"central","JulyGradual: central","london"
"277","england","JulyGradual",2021-07-24,"p1_full_lift_schools_closed",1.313,0.2,"central","JulyGradual: central","north_east_and_yorkshire"
"278","england","JulyGradual",2021-07-24,"p1_full_lift_schools_closed",1.313,0.2,"central","JulyGradual: central","north_west"
"279","england","JulyGradual",2021-07-24,"p1_full_lift_schools_closed",1.313,0.2,"central","JulyGradual: central","south_east"
"280","england","JulyGradual",2021-07-24,"p1_full_lift_schools_closed",1.313,0.2,"central","JulyGradual: central","south_west"
"281","england","JulyGradual",2021-07-24,"p1_full_lift_schools_closed",1.27,0.2,"high","JulyGradual: high","east_of_england"
"282","england","JulyGradual",2021-07-24,"p1_full_lift_schools_closed",1.27,0.2,"high","JulyGradual: high","midlands"
"283","england","JulyGradual",2021-07-24,"p1_full_lift_schools_closed",1.27,0.2,"high","JulyGradual: high","london"
"284","england","JulyGradual",2021-07-24,"p1_full_lift_schools_closed",1.27,0.2,"high","JulyGradual: high","north_east_and_yorkshire"
"285","england","JulyGradual",2021-07-24,"p1_full_lift_schools_closed",1.27,0.2,"high","JulyGradual: high","north_west"
"286","england","JulyGradual",2021-07-24,"p1_full_lift_schools_closed",1.27,0.2,"high","JulyGradual: high","south_east"
"287","england","JulyGradual",2021-07-24,"p1_full_lift_schools_closed",1.27,0.2,"high","JulyGradual: high","south_west"
"288","england","JulyGradual",2021-07-24,"p1_full_lift_schools_closed",1.357,0.2,"low","JulyGradual: low","east_of_england"
"289","england","JulyGradual",2021-07-24,"p1_full_lift_schools_closed",1.357,0.2,"low","JulyGradual: low","midlands"
"290","england","JulyGradual",2021-07-24,"p1_full_lift_schools_closed",1.357,0.2,"low","JulyGradual: low","london"
"291","england","JulyGradual",2021-07-24,"p1_full_lift_schools_closed",1.357,0.2,"low","JulyGradual: low","north_east_and_yorkshire"
"292","england","JulyGradual",2021-07-24,"p1_full_lift_schools_closed",1.357,0.2,"low","JulyGradual: low","north_west"
"293","england","JulyGradual",2021-07-24,"p1_full_lift_schools_closed",1.357,0.2,"low","JulyGradual: low","south_east"
"294","england","JulyGradual",2021-07-24,"p1_full_lift_schools_closed",1.357,0.2,"low","JulyGradual: low","south_west"
"295","england","JulyGradual",2021-07-26,"p2_full_lift_schools_closed",1.452,0.2,"central","JulyGradual: central","east_of_england"
"296","england","JulyGradual",2021-07-26,"p2_full_lift_schools_closed",1.452,0.2,"central","JulyGradual: central","midlands"
"297","england","JulyGradual",2021-07-26,"p2_full_lift_schools_closed",1.452,0.2,"central","JulyGradual: central","london"
"298","england","JulyGradual",2021-07-26,"p2_full_lift_schools_closed",1.452,0.2,"central","JulyGradual: central","north_east_and_yorkshire"
"299","england","JulyGradual",2021-07-26,"p2_full_lift_schools_closed",1.452,0.2,"central","JulyGradual: central","north_west"
"300","england","JulyGradual",2021-07-26,"p2_full_lift_schools_closed",1.452,0.2,"central","JulyGradual: central","south_east"
"301","england","JulyGradual",2021-07-26,"p2_full_lift_schools_closed",1.452,0.2,"central","JulyGradual: central","south_west"
"302","england","JulyGradual",2021-07-26,"p2_full_lift_schools_closed",1.366,0.2,"high","JulyGradual: high","east_of_england"
"303","england","JulyGradual",2021-07-26,"p2_full_lift_schools_closed",1.366,0.2,"high","JulyGradual: high","midlands"
"304","england","JulyGradual",2021-07-26,"p2_full_lift_schools_closed",1.366,0.2,"high","JulyGradual: high","london"
"305","england","JulyGradual",2021-07-26,"p2_full_lift_schools_closed",1.366,0.2,"high","JulyGradual: high","north_east_and_yorkshire"
"306","england","JulyGradual",2021-07-26,"p2_full_lift_schools_closed",1.366,0.2,"high","JulyGradual: high","north_west"
"307","england","JulyGradual",2021-07-26,"p2_full_lift_schools_closed",1.366,0.2,"high","JulyGradual: high","south_east"
"308","england","JulyGradual",2021-07-26,"p2_full_lift_schools_closed",1.366,0.2,"high","JulyGradual: high","south_west"
"309","england","JulyGradual",2021-07-26,"p2_full_lift_schools_closed",1.539,0.2,"low","JulyGradual: low","east_of_england"
"310","england","JulyGradual",2021-07-26,"p2_full_lift_schools_closed",1.539,0.2,"low","JulyGradual: low","midlands"
"311","england","JulyGradual",2021-07-26,"p2_full_lift_schools_closed",1.539,0.2,"low","JulyGradual: low","london"
"312","england","JulyGradual",2021-07-26,"p2_full_lift_schools_closed",1.539,0.2,"low","JulyGradual: low","north_east_and_yorkshire"
"313","england","JulyGradual",2021-07-26,"p2_full_lift_schools_closed",1.539,0.2,"low","JulyGradual: low","north_west"
"314","england","JulyGradual",2021-07-26,"p2_full_lift_schools_closed",1.539,0.2,"low","JulyGradual: low","south_east"
"315","england","JulyGradual",2021-07-26,"p2_full_lift_schools_closed",1.539,0.2,"low","JulyGradual: low","south_west"
"316","england","JulyGradual",2021-08-03,"p3_full_lift_schools_closed",1.591,0.2,"central","JulyGradual: central","east_of_england"
"317","england","JulyGradual",2021-08-03,"p3_full_lift_schools_closed",1.591,0.2,"central","JulyGradual: central","midlands"
"318","england","JulyGradual",2021-08-03,"p3_full_lift_schools_closed",1.591,0.2,"central","JulyGradual: central","london"
"319","england","JulyGradual",2021-08-03,"p3_full_lift_schools_closed",1.591,0.2,"central","JulyGradual: central","north_east_and_yorkshire"
"320","england","JulyGradual",2021-08-03,"p3_full_lift_schools_closed",1.591,0.2,"central","JulyGradual: central","north_west"
"321","england","JulyGradual",2021-08-03,"p3_full_lift_schools_closed",1.591,0.2,"central","JulyGradual: central","south_east"
"322","england","JulyGradual",2021-08-03,"p3_full_lift_schools_closed",1.591,0.2,"central","JulyGradual: central","south_west"
"323","england","JulyGradual",2021-08-03,"p3_full_lift_schools_closed",1.461,0.2,"high","JulyGradual: high","east_of_england"
"324","england","JulyGradual",2021-08-03,"p3_full_lift_schools_closed",1.461,0.2,"high","JulyGradual: high","midlands"
"325","england","JulyGradual",2021-08-03,"p3_full_lift_schools_closed",1.461,0.2,"high","JulyGradual: high","london"
"326","england","JulyGradual",2021-08-03,"p3_full_lift_schools_closed",1.461,0.2,"high","JulyGradual: high","north_east_and_yorkshire"
"327","england","JulyGradual",2021-08-03,"p3_full_lift_schools_closed",1.461,0.2,"high","JulyGradual: high","north_west"
"328","england","JulyGradual",2021-08-03,"p3_full_lift_schools_closed",1.461,0.2,"high","JulyGradual: high","south_east"
"329","england","JulyGradual",2021-08-03,"p3_full_lift_schools_closed",1.461,0.2,"high","JulyGradual: high","south_west"
"330","england","JulyGradual",2021-08-03,"p3_full_lift_schools_closed",1.721,0.2,"low","JulyGradual: low","east_of_england"
"331","england","JulyGradual",2021-08-03,"p3_full_lift_schools_closed",1.721,0.2,"low","JulyGradual: low","midlands"
"332","england","JulyGradual",2021-08-03,"p3_full_lift_schools_closed",1.721,0.2,"low","JulyGradual: low","london"
"333","england","JulyGradual",2021-08-03,"p3_full_lift_schools_closed",1.721,0.2,"low","JulyGradual: low","north_east_and_yorkshire"
"334","england","JulyGradual",2021-08-03,"p3_full_lift_schools_closed",1.721,0.2,"low","JulyGradual: low","north_west"
"335","england","JulyGradual",2021-08-03,"p3_full_lift_schools_closed",1.721,0.2,"low","JulyGradual: low","south_east"
"336","england","JulyGradual",2021-08-03,"p3_full_lift_schools_closed",1.721,0.2,"low","JulyGradual: low","south_west"
"337","england","JulyGradual",2021-08-10,"p4_full_lift_schools_closed",1.73,0.2,"central","JulyGradual: central","east_of_england"
"338","england","JulyGradual",2021-08-10,"p4_full_lift_schools_closed",1.73,0.2,"central","JulyGradual: central","midlands"
"339","england","JulyGradual",2021-08-10,"p4_full_lift_schools_closed",1.73,0.2,"central","JulyGradual: central","london"
"340","england","JulyGradual",2021-08-10,"p4_full_lift_schools_closed",1.73,0.2,"central","JulyGradual: central","north_east_and_yorkshire"
"341","england","JulyGradual",2021-08-10,"p4_full_lift_schools_closed",1.73,0.2,"central","JulyGradual: central","north_west"
"342","england","JulyGradual",2021-08-10,"p4_full_lift_schools_closed",1.73,0.2,"central","JulyGradual: central","south_east"
"343","england","JulyGradual",2021-08-10,"p4_full_lift_schools_closed",1.73,0.2,"central","JulyGradual: central","south_west"
"344","england","JulyGradual",2021-08-10,"p4_full_lift_schools_closed",1.557,0.2,"high","JulyGradual: high","east_of_england"
"345","england","JulyGradual",2021-08-10,"p4_full_lift_schools_closed",1.557,0.2,"high","JulyGradual: high","midlands"
"346","england","JulyGradual",2021-08-10,"p4_full_lift_schools_closed",1.557,0.2,"high","JulyGradual: high","london"
"347","england","JulyGradual",2021-08-10,"p4_full_lift_schools_closed",1.557,0.2,"high","JulyGradual: high","north_east_and_yorkshire"
"348","england","JulyGradual",2021-08-10,"p4_full_lift_schools_closed",1.557,0.2,"high","JulyGradual: high","north_west"
"349","england","JulyGradual",2021-08-10,"p4_full_lift_schools_closed",1.557,0.2,"high","JulyGradual: high","south_east"
"350","england","JulyGradual",2021-08-10,"p4_full_lift_schools_closed",1.557,0.2,"high","JulyGradual: high","south_west"
"351","england","JulyGradual",2021-08-10,"p4_full_lift_schools_closed",1.904,0.2,"low","JulyGradual: low","east_of_england"
"352","england","JulyGradual",2021-08-10,"p4_full_lift_schools_closed",1.904,0.2,"low","JulyGradual: low","midlands"
"353","england","JulyGradual",2021-08-10,"p4_full_lift_schools_closed",1.904,0.2,"low","JulyGradual: low","london"
"354","england","JulyGradual",2021-08-10,"p4_full_lift_schools_closed",1.904,0.2,"low","JulyGradual: low","north_east_and_yorkshire"
"355","england","JulyGradual",2021-08-10,"p4_full_lift_schools_closed",1.904,0.2,"low","JulyGradual: low","north_west"
"356","england","JulyGradual",2021-08-10,"p4_full_lift_schools_closed",1.904,0.2,"low","JulyGradual: low","south_east"
"357","england","JulyGradual",2021-08-10,"p4_full_lift_schools_closed",1.904,0.2,"low","JulyGradual: low","south_west"
"358","england","JulyGradual",2021-08-18,"p5_full_lift_schools_closed",1.869,0.2,"central","JulyGradual: central","east_of_england"
"359","england","JulyGradual",2021-08-18,"p5_full_lift_schools_closed",1.869,0.2,"central","JulyGradual: central","midlands"
"360","england","JulyGradual",2021-08-18,"p5_full_lift_schools_closed",1.869,0.2,"central","JulyGradual: central","london"
"361","england","JulyGradual",2021-08-18,"p5_full_lift_schools_closed",1.869,0.2,"central","JulyGradual: central","north_east_and_yorkshire"
"362","england","JulyGradual",2021-08-18,"p5_full_lift_schools_closed",1.869,0.2,"central","JulyGradual: central","north_west"
"363","england","JulyGradual",2021-08-18,"p5_full_lift_schools_closed",1.869,0.2,"central","JulyGradual: central","south_east"
"364","england","JulyGradual",2021-08-18,"p5_full_lift_schools_closed",1.869,0.2,"central","JulyGradual: central","south_west"
"365","england","JulyGradual",2021-08-18,"p5_full_lift_schools_closed",1.652,0.2,"high","JulyGradual: high","east_of_england"
"366","england","JulyGradual",2021-08-18,"p5_full_lift_schools_closed",1.652,0.2,"high","JulyGradual: high","midlands"
"367","england","JulyGradual",2021-08-18,"p5_full_lift_schools_closed",1.652,0.2,"high","JulyGradual: high","london"
"368","england","JulyGradual",2021-08-18,"p5_full_lift_schools_closed",1.652,0.2,"high","JulyGradual: high","north_east_and_yorkshire"
"369","england","JulyGradual",2021-08-18,"p5_full_lift_schools_closed",1.652,0.2,"high","JulyGradual: high","north_west"
"370","england","JulyGradual",2021-08-18,"p5_full_lift_schools_closed",1.652,0.2,"high","JulyGradual: high","south_east"
"371","england","JulyGradual",2021-08-18,"p5_full_lift_schools_closed",1.652,0.2,"high","JulyGradual: high","south_west"
"372","england","JulyGradual",2021-08-18,"p5_full_lift_schools_closed",2.086,0.2,"low","JulyGradual: low","east_of_england"
"373","england","JulyGradual",2021-08-18,"p5_full_lift_schools_closed",2.086,0.2,"low","JulyGradual: low","midlands"
"374","england","JulyGradual",2021-08-18,"p5_full_lift_schools_closed",2.086,0.2,"low","JulyGradual: low","london"
"375","england","JulyGradual",2021-08-18,"p5_full_lift_schools_closed",2.086,0.2,"low","JulyGradual: low","north_east_and_yorkshire"
"376","england","JulyGradual",2021-08-18,"p5_full_lift_schools_closed",2.086,0.2,"low","JulyGradual: low","north_west"
"377","england","JulyGradual",2021-08-18,"p5_full_lift_schools_closed",2.086,0.2,"low","JulyGradual: low","south_east"
"378","england","JulyGradual",2021-08-18,"p5_full_lift_schools_closed",2.086,0.2,"low","JulyGradual: low","south_west"
"379","england","JulyGradual",2021-08-25,"p6_full_lift_schools_closed",2.008,0.2,"central","JulyGradual: central","east_of_england"
"380","england","JulyGradual",2021-08-25,"p6_full_lift_schools_closed",2.008,0.2,"central","JulyGradual: central","midlands"
"381","england","JulyGradual",2021-08-25,"p6_full_lift_schools_closed",2.008,0.2,"central","JulyGradual: central","london"
"382","england","JulyGradual",2021-08-25,"p6_full_lift_schools_closed",2.008,0.2,"central","JulyGradual: central","north_east_and_yorkshire"
"383","england","JulyGradual",2021-08-25,"p6_full_lift_schools_closed",2.008,0.2,"central","JulyGradual: central","north_west"
"384","england","JulyGradual",2021-08-25,"p6_full_lift_schools_closed",2.008,0.2,"central","JulyGradual: central","south_east"
"385","england","JulyGradual",2021-08-25,"p6_full_lift_schools_closed",2.008,0.2,"central","JulyGradual: central","south_west"
"386","england","JulyGradual",2021-08-25,"p6_full_lift_schools_closed",1.748,0.2,"high","JulyGradual: high","east_of_england"
"387","england","JulyGradual",2021-08-25,"p6_full_lift_schools_closed",1.748,0.2,"high","JulyGradual: high","midlands"
"388","england","JulyGradual",2021-08-25,"p6_full_lift_schools_closed",1.748,0.2,"high","JulyGradual: high","london"
"389","england","JulyGradual",2021-08-25,"p6_full_lift_schools_closed",1.748,0.2,"high","JulyGradual: high","north_east_and_yorkshire"
"390","england","JulyGradual",2021-08-25,"p6_full_lift_schools_closed",1.748,0.2,"high","JulyGradual: high","north_west"
"391","england","JulyGradual",2021-08-25,"p6_full_lift_schools_closed",1.748,0.2,"high","JulyGradual: high","south_east"
"392","england","JulyGradual",2021-08-25,"p6_full_lift_schools_closed",1.748,0.2,"high","JulyGradual: high","south_west"
"393","england","JulyGradual",2021-08-25,"p6_full_lift_schools_closed",2.268,0.2,"low","JulyGradual: low","east_of_england"
"394","england","JulyGradual",2021-08-25,"p6_full_lift_schools_closed",2.268,0.2,"low","JulyGradual: low","midlands"
"395","england","JulyGradual",2021-08-25,"p6_full_lift_schools_closed",2.268,0.2,"low","JulyGradual: low","london"
"396","england","JulyGradual",2021-08-25,"p6_full_lift_schools_closed",2.268,0.2,"low","JulyGradual: low","north_east_and_yorkshire"
"397","england","JulyGradual",2021-08-25,"p6_full_lift_schools_closed",2.268,0.2,"low","JulyGradual: low","north_west"
"398","england","JulyGradual",2021-08-25,"p6_full_lift_schools_closed",2.268,0.2,"low","JulyGradual: low","south_east"
"399","england","JulyGradual",2021-08-25,"p6_full_lift_schools_closed",2.268,0.2,"low","JulyGradual: low","south_west"
"400","england","JulyGradual",2021-09-01,"p7_full_lift_schools_open",2.147,0.2,"central","JulyGradual: central","east_of_england"
"401","england","JulyGradual",2021-09-01,"p7_full_lift_schools_open",2.147,0.2,"central","JulyGradual: central","midlands"
"402","england","JulyGradual",2021-09-01,"p7_full_lift_schools_open",2.147,0.2,"central","JulyGradual: central","london"
"403","england","JulyGradual",2021-09-01,"p7_full_lift_schools_open",2.147,0.2,"central","JulyGradual: central","north_east_and_yorkshire"
"404","england","JulyGradual",2021-09-01,"p7_full_lift_schools_open",2.147,0.2,"central","JulyGradual: central","north_west"
"405","england","JulyGradual",2021-09-01,"p7_full_lift_schools_open",2.147,0.2,"central","JulyGradual: central","south_east"
"406","england","JulyGradual",2021-09-01,"p7_full_lift_schools_open",2.147,0.2,"central","JulyGradual: central","south_west"
"407","england","JulyGradual",2021-09-01,"p7_full_lift_schools_open",1.843,0.2,"high","JulyGradual: high","east_of_england"
"408","england","JulyGradual",2021-09-01,"p7_full_lift_schools_open",1.843,0.2,"high","JulyGradual: high","midlands"
"409","england","JulyGradual",2021-09-01,"p7_full_lift_schools_open",1.843,0.2,"high","JulyGradual: high","london"
"410","england","JulyGradual",2021-09-01,"p7_full_lift_schools_open",1.843,0.2,"high","JulyGradual: high","north_east_and_yorkshire"
"411","england","JulyGradual",2021-09-01,"p7_full_lift_schools_open",1.843,0.2,"high","JulyGradual: high","north_west"
"412","england","JulyGradual",2021-09-01,"p7_full_lift_schools_open",1.843,0.2,"high","JulyGradual: high","south_east"
"413","england","JulyGradual",2021-09-01,"p7_full_lift_schools_open",1.843,0.2,"high","JulyGradual: high","south_west"
"414","england","JulyGradual",2021-09-01,"p7_full_lift_schools_open",2.45,0.2,"low","JulyGradual: low","east_of_england"
"415","england","JulyGradual",2021-09-01,"p7_full_lift_schools_open",2.45,0.2,"low","JulyGradual: low","midlands"
"416","england","JulyGradual",2021-09-01,"p7_full_lift_schools_open",2.45,0.2,"low","JulyGradual: low","london"
"417","england","JulyGradual",2021-09-01,"p7_full_lift_schools_open",2.45,0.2,"low","JulyGradual: low","north_east_and_yorkshire"
"418","england","JulyGradual",2021-09-01,"p7_full_lift_schools_open",2.45,0.2,"low","JulyGradual: low","north_west"
"419","england","JulyGradual",2021-09-01,"p7_full_lift_schools_open",2.45,0.2,"low","JulyGradual: low","south_east"
"420","england","JulyGradual",2021-09-01,"p7_full_lift_schools_open",2.45,0.2,"low","JulyGradual: low","south_west"
"421","england","JulyGradual",2021-09-09,"p8_full_lift_schools_open",2.286,0.2,"central","JulyGradual: central","east_of_england"
"422","england","JulyGradual",2021-09-09,"p8_full_lift_schools_open",2.286,0.2,"central","JulyGradual: central","midlands"
"423","england","JulyGradual",2021-09-09,"p8_full_lift_schools_open",2.286,0.2,"central","JulyGradual: central","london"
"424","england","JulyGradual",2021-09-09,"p8_full_lift_schools_open",2.286,0.2,"central","JulyGradual: central","north_east_and_yorkshire"
"425","england","JulyGradual",2021-09-09,"p8_full_lift_schools_open",2.286,0.2,"central","JulyGradual: central","north_west"
"426","england","JulyGradual",2021-09-09,"p8_full_lift_schools_open",2.286,0.2,"central","JulyGradual: central","south_east"
"427","england","JulyGradual",2021-09-09,"p8_full_lift_schools_open",2.286,0.2,"central","JulyGradual: central","south_west"
"428","england","JulyGradual",2021-09-09,"p8_full_lift_schools_open",1.939,0.2,"high","JulyGradual: high","east_of_england"
"429","england","JulyGradual",2021-09-09,"p8_full_lift_schools_open",1.939,0.2,"high","JulyGradual: high","midlands"
"430","england","JulyGradual",2021-09-09,"p8_full_lift_schools_open",1.939,0.2,"high","JulyGradual: high","london"
"431","england","JulyGradual",2021-09-09,"p8_full_lift_schools_open",1.939,0.2,"high","JulyGradual: high","north_east_and_yorkshire"
"432","england","JulyGradual",2021-09-09,"p8_full_lift_schools_open",1.939,0.2,"high","JulyGradual: high","north_west"
"433","england","JulyGradual",2021-09-09,"p8_full_lift_schools_open",1.939,0.2,"high","JulyGradual: high","south_east"
"434","england","JulyGradual",2021-09-09,"p8_full_lift_schools_open",1.939,0.2,"high","JulyGradual: high","south_west"
"435","england","JulyGradual",2021-09-09,"p8_full_lift_schools_open",2.633,0.2,"low","JulyGradual: low","east_of_england"
"436","england","JulyGradual",2021-09-09,"p8_full_lift_schools_open",2.633,0.2,"low","JulyGradual: low","midlands"
"437","england","JulyGradual",2021-09-09,"p8_full_lift_schools_open",2.633,0.2,"low","JulyGradual: low","london"
"438","england","JulyGradual",2021-09-09,"p8_full_lift_schools_open",2.633,0.2,"low","JulyGradual: low","north_east_and_yorkshire"
"439","england","JulyGradual",2021-09-09,"p8_full_lift_schools_open",2.633,0.2,"low","JulyGradual: low","north_west"
"440","england","JulyGradual",2021-09-09,"p8_full_lift_schools_open",2.633,0.2,"low","JulyGradual: low","south_east"
"441","england","JulyGradual",2021-09-09,"p8_full_lift_schools_open",2.633,0.2,"low","JulyGradual: low","south_west"
"442","england","JulyGradual",2021-09-16,"p9_full_lift_schools_open",2.425,0.2,"central","JulyGradual: central","east_of_england"
"443","england","JulyGradual",2021-09-16,"p9_full_lift_schools_open",2.425,0.2,"central","JulyGradual: central","midlands"
"444","england","JulyGradual",2021-09-16,"p9_full_lift_schools_open",2.425,0.2,"central","JulyGradual: central","london"
"445","england","JulyGradual",2021-09-16,"p9_full_lift_schools_open",2.425,0.2,"central","JulyGradual: central","north_east_and_yorkshire"
"446","england","JulyGradual",2021-09-16,"p9_full_lift_schools_open",2.425,0.2,"central","JulyGradual: central","north_west"
"447","england","JulyGradual",2021-09-16,"p9_full_lift_schools_open",2.425,0.2,"central","JulyGradual: central","south_east"
"448","england","JulyGradual",2021-09-16,"p9_full_lift_schools_open",2.425,0.2,"central","JulyGradual: central","south_west"
"449","england","JulyGradual",2021-09-16,"p9_full_lift_schools_open",2.035,0.2,"high","JulyGradual: high","east_of_england"
"450","england","JulyGradual",2021-09-16,"p9_full_lift_schools_open",2.035,0.2,"high","JulyGradual: high","midlands"
"451","england","JulyGradual",2021-09-16,"p9_full_lift_schools_open",2.035,0.2,"high","JulyGradual: high","london"
"452","england","JulyGradual",2021-09-16,"p9_full_lift_schools_open",2.035,0.2,"high","JulyGradual: high","north_east_and_yorkshire"
"453","england","JulyGradual",2021-09-16,"p9_full_lift_schools_open",2.035,0.2,"high","JulyGradual: high","north_west"
"454","england","JulyGradual",2021-09-16,"p9_full_lift_schools_open",2.035,0.2,"high","JulyGradual: high","south_east"
"455","england","JulyGradual",2021-09-16,"p9_full_lift_schools_open",2.035,0.2,"high","JulyGradual: high","south_west"
"456","england","JulyGradual",2021-09-16,"p9_full_lift_schools_open",2.815,0.2,"low","JulyGradual: low","east_of_england"
"457","england","JulyGradual",2021-09-16,"p9_full_lift_schools_open",2.815,0.2,"low","JulyGradual: low","midlands"
"458","england","JulyGradual",2021-09-16,"p9_full_lift_schools_open",2.815,0.2,"low","JulyGradual: low","london"
"459","england","JulyGradual",2021-09-16,"p9_full_lift_schools_open",2.815,0.2,"low","JulyGradual: low","north_east_and_yorkshire"
"460","england","JulyGradual",2021-09-16,"p9_full_lift_schools_open",2.815,0.2,"low","JulyGradual: low","north_west"
"461","england","JulyGradual",2021-09-16,"p9_full_lift_schools_open",2.815,0.2,"low","JulyGradual: low","south_east"
"462","england","JulyGradual",2021-09-16,"p9_full_lift_schools_open",2.815,0.2,"low","JulyGradual: low","south_west"
"463","england","JulyGradual",2021-09-24,"p10_full_lift_schools_open",2.564,0.2,"central","JulyGradual: central","east_of_england"
"464","england","JulyGradual",2021-09-24,"p10_full_lift_schools_open",2.564,0.2,"central","JulyGradual: central","midlands"
"465","england","JulyGradual",2021-09-24,"p10_full_lift_schools_open",2.564,0.2,"central","JulyGradual: central","london"
"466","england","JulyGradual",2021-09-24,"p10_full_lift_schools_open",2.564,0.2,"central","JulyGradual: central","north_east_and_yorkshire"
"467","england","JulyGradual",2021-09-24,"p10_full_lift_schools_open",2.564,0.2,"central","JulyGradual: central","north_west"
"468","england","JulyGradual",2021-09-24,"p10_full_lift_schools_open",2.564,0.2,"central","JulyGradual: central","south_east"
"469","england","JulyGradual",2021-09-24,"p10_full_lift_schools_open",2.564,0.2,"central","JulyGradual: central","south_west"
"470","england","JulyGradual",2021-09-24,"p10_full_lift_schools_open",2.13,0.2,"high","JulyGradual: high","east_of_england"
"471","england","JulyGradual",2021-09-24,"p10_full_lift_schools_open",2.13,0.2,"high","JulyGradual: high","midlands"
"472","england","JulyGradual",2021-09-24,"p10_full_lift_schools_open",2.13,0.2,"high","JulyGradual: high","london"
"473","england","JulyGradual",2021-09-24,"p10_full_lift_schools_open",2.13,0.2,"high","JulyGradual: high","north_east_and_yorkshire"
"474","england","JulyGradual",2021-09-24,"p10_full_lift_schools_open",2.13,0.2,"high","JulyGradual: high","north_west"
"475","england","JulyGradual",2021-09-24,"p10_full_lift_schools_open",2.13,0.2,"high","JulyGradual: high","south_east"
"476","england","JulyGradual",2021-09-24,"p10_full_lift_schools_open",2.13,0.2,"high","JulyGradual: high","south_west"
"477","england","JulyGradual",2021-09-24,"p10_full_lift_schools_open",2.997,0.2,"low","JulyGradual: low","east_of_england"
"478","england","JulyGradual",2021-09-24,"p10_full_lift_schools_open",2.997,0.2,"low","JulyGradual: low","midlands"
"479","england","JulyGradual",2021-09-24,"p10_full_lift_schools_open",2.997,0.2,"low","JulyGradual: low","london"
"480","england","JulyGradual",2021-09-24,"p10_full_lift_schools_open",2.997,0.2,"low","JulyGradual: low","north_east_and_yorkshire"
"481","england","JulyGradual",2021-09-24,"p10_full_lift_schools_open",2.997,0.2,"low","JulyGradual: low","north_west"
"482","england","JulyGradual",2021-09-24,"p10_full_lift_schools_open",2.997,0.2,"low","JulyGradual: low","south_east"
"483","england","JulyGradual",2021-09-24,"p10_full_lift_schools_open",2.997,0.2,"low","JulyGradual: low","south_west"
"484","england","JulyGradual",2021-10-01,"full_lift_schools_open",2.703,0.2,"central","JulyGradual: central","east_of_england"
"485","england","JulyGradual",2021-10-01,"full_lift_schools_open",2.703,0.2,"central","JulyGradual: central","midlands"
"486","england","JulyGradual",2021-10-01,"full_lift_schools_open",2.703,0.2,"central","JulyGradual: central","london"
"487","england","JulyGradual",2021-10-01,"full_lift_schools_open",2.703,0.2,"central","JulyGradual: central","north_east_and_yorkshire"
"488","england","JulyGradual",2021-10-01,"full_lift_schools_open",2.703,0.2,"central","JulyGradual: central","north_west"
"489","england","JulyGradual",2021-10-01,"full_lift_schools_open",2.703,0.2,"central","JulyGradual: central","south_east"
"490","england","JulyGradual",2021-10-01,"full_lift_schools_open",2.703,0.2,"central","JulyGradual: central","south_west"
"491","england","JulyGradual",2021-10-01,"full_lift_schools_open",2.226,0.2,"high","JulyGradual: high","east_of_england"
"492","england","JulyGradual",2021-10-01,"full_lift_schools_open",2.226,0.2,"high","JulyGradual: high","midlands"
"493","england","JulyGradual",2021-10-01,"full_lift_schools_open",2.226,0.2,"high","JulyGradual: high","london"
"494","england","JulyGradual",2021-10-01,"full_lift_schools_open",2.226,0.2,"high","JulyGradual: high","north_east_and_yorkshire"
"495","england","JulyGradual",2021-10-01,"full_lift_schools_open",2.226,0.2,"high","JulyGradual: high","north_west"
"496","england","JulyGradual",2021-10-01,"full_lift_schools_open",2.226,0.2,"high","JulyGradual: high","south_east"
"497","england","JulyGradual",2021-10-01,"full_lift_schools_open",2.226,0.2,"high","JulyGradual: high","south_west"
"498","england","JulyGradual",2021-10-01,"full_lift_schools_open",3.18,0.2,"low","JulyGradual: low","east_of_england"
"499","england","JulyGradual",2021-10-01,"full_lift_schools_open",3.18,0.2,"low","JulyGradual: low","midlands"
"500","england","JulyGradual",2021-10-01,"full_lift_schools_open",3.18,0.2,"low","JulyGradual: low","london"
"501","england","JulyGradual",2021-10-01,"full_lift_schools_open",3.18,0.2,"low","JulyGradual: low","north_east_and_yorkshire"
"502","england","JulyGradual",2021-10-01,"full_lift_schools_open",3.18,0.2,"low","JulyGradual: low","north_west"
"503","england","JulyGradual",2021-10-01,"full_lift_schools_open",3.18,0.2,"low","JulyGradual: low","south_east"
"504","england","JulyGradual",2021-10-01,"full_lift_schools_open",3.18,0.2,"low","JulyGradual: low","south_west"
"505","england","JulyGradual",2021-10-23,"full_lift_schools_closed",2.453,0.2,"central","JulyGradual: central","east_of_england"
"506","england","JulyGradual",2021-10-23,"full_lift_schools_closed",2.453,0.2,"central","JulyGradual: central","midlands"
"507","england","JulyGradual",2021-10-23,"full_lift_schools_closed",2.453,0.2,"central","JulyGradual: central","london"
"508","england","JulyGradual",2021-10-23,"full_lift_schools_closed",2.453,0.2,"central","JulyGradual: central","north_east_and_yorkshire"
"509","england","JulyGradual",2021-10-23,"full_lift_schools_closed",2.453,0.2,"central","JulyGradual: central","north_west"
"510","england","JulyGradual",2021-10-23,"full_lift_schools_closed",2.453,0.2,"central","JulyGradual: central","south_east"
"511","england","JulyGradual",2021-10-23,"full_lift_schools_closed",2.453,0.2,"central","JulyGradual: central","south_west"
"512","england","JulyGradual",2021-10-23,"full_lift_schools_closed",1.976,0.2,"high","JulyGradual: high","east_of_england"
"513","england","JulyGradual",2021-10-23,"full_lift_schools_closed",1.976,0.2,"high","JulyGradual: high","midlands"
"514","england","JulyGradual",2021-10-23,"full_lift_schools_closed",1.976,0.2,"high","JulyGradual: high","london"
"515","england","JulyGradual",2021-10-23,"full_lift_schools_closed",1.976,0.2,"high","JulyGradual: high","north_east_and_yorkshire"
"516","england","JulyGradual",2021-10-23,"full_lift_schools_closed",1.976,0.2,"high","JulyGradual: high","north_west"
"517","england","JulyGradual",2021-10-23,"full_lift_schools_closed",1.976,0.2,"high","JulyGradual: high","south_east"
"518","england","JulyGradual",2021-10-23,"full_lift_schools_closed",1.976,0.2,"high","JulyGradual: high","south_west"
"519","england","JulyGradual",2021-10-23,"full_lift_schools_closed",2.93,0.2,"low","JulyGradual: low","east_of_england"
"520","england","JulyGradual",2021-10-23,"full_lift_schools_closed",2.93,0.2,"low","JulyGradual: low","midlands"
"521","england","JulyGradual",2021-10-23,"full_lift_schools_closed",2.93,0.2,"low","JulyGradual: low","london"
"522","england","JulyGradual",2021-10-23,"full_lift_schools_closed",2.93,0.2,"low","JulyGradual: low","north_east_and_yorkshire"
"523","england","JulyGradual",2021-10-23,"full_lift_schools_closed",2.93,0.2,"low","JulyGradual: low","north_west"
"524","england","JulyGradual",2021-10-23,"full_lift_schools_closed",2.93,0.2,"low","JulyGradual: low","south_east"
"525","england","JulyGradual",2021-10-23,"full_lift_schools_closed",2.93,0.2,"low","JulyGradual: low","south_west"
"526","england","JulyGradual",2021-11-01,"full_lift_schools_open",2.703,0.2,"central","JulyGradual: central","east_of_england"
"527","england","JulyGradual",2021-11-01,"full_lift_schools_open",2.703,0.2,"central","JulyGradual: central","midlands"
"528","england","JulyGradual",2021-11-01,"full_lift_schools_open",2.703,0.2,"central","JulyGradual: central","london"
"529","england","JulyGradual",2021-11-01,"full_lift_schools_open",2.703,0.2,"central","JulyGradual: central","north_east_and_yorkshire"
"530","england","JulyGradual",2021-11-01,"full_lift_schools_open",2.703,0.2,"central","JulyGradual: central","north_west"
"531","england","JulyGradual",2021-11-01,"full_lift_schools_open",2.703,0.2,"central","JulyGradual: central","south_east"
"532","england","JulyGradual",2021-11-01,"full_lift_schools_open",2.703,0.2,"central","JulyGradual: central","south_west"
"533","england","JulyGradual",2021-11-01,"full_lift_schools_open",2.226,0.2,"high","JulyGradual: high","east_of_england"
"534","england","JulyGradual",2021-11-01,"full_lift_schools_open",2.226,0.2,"high","JulyGradual: high","midlands"
"535","england","JulyGradual",2021-11-01,"full_lift_schools_open",2.226,0.2,"high","JulyGradual: high","london"
"536","england","JulyGradual",2021-11-01,"full_lift_schools_open",2.226,0.2,"high","JulyGradual: high","north_east_and_yorkshire"
"537","england","JulyGradual",2021-11-01,"full_lift_schools_open",2.226,0.2,"high","JulyGradual: high","north_west"
"538","england","JulyGradual",2021-11-01,"full_lift_schools_open",2.226,0.2,"high","JulyGradual: high","south_east"
"539","england","JulyGradual",2021-11-01,"full_lift_schools_open",2.226,0.2,"high","JulyGradual: high","south_west"
"540","england","JulyGradual",2021-11-01,"full_lift_schools_open",3.18,0.2,"low","JulyGradual: low","east_of_england"
"541","england","JulyGradual",2021-11-01,"full_lift_schools_open",3.18,0.2,"low","JulyGradual: low","midlands"
"542","england","JulyGradual",2021-11-01,"full_lift_schools_open",3.18,0.2,"low","JulyGradual: low","london"
"543","england","JulyGradual",2021-11-01,"full_lift_schools_open",3.18,0.2,"low","JulyGradual: low","north_east_and_yorkshire"
"544","england","JulyGradual",2021-11-01,"full_lift_schools_open",3.18,0.2,"low","JulyGradual: low","north_west"
"545","england","JulyGradual",2021-11-01,"full_lift_schools_open",3.18,0.2,"low","JulyGradual: low","south_east"
"546","england","JulyGradual",2021-11-01,"full_lift_schools_open",3.18,0.2,"low","JulyGradual: low","south_west"
"547","england","JulyGradual",2021-12-18,"full_lift_schools_closed",2.453,0.2,"central","JulyGradual: central","east_of_england"
"548","england","JulyGradual",2021-12-18,"full_lift_schools_closed",2.453,0.2,"central","JulyGradual: central","midlands"
"549","england","JulyGradual",2021-12-18,"full_lift_schools_closed",2.453,0.2,"central","JulyGradual: central","london"
"550","england","JulyGradual",2021-12-18,"full_lift_schools_closed",2.453,0.2,"central","JulyGradual: central","north_east_and_yorkshire"
"551","england","JulyGradual",2021-12-18,"full_lift_schools_closed",2.453,0.2,"central","JulyGradual: central","north_west"
"552","england","JulyGradual",2021-12-18,"full_lift_schools_closed",2.453,0.2,"central","JulyGradual: central","south_east"
"553","england","JulyGradual",2021-12-18,"full_lift_schools_closed",2.453,0.2,"central","JulyGradual: central","south_west"
"554","england","JulyGradual",2021-12-18,"full_lift_schools_closed",1.976,0.2,"high","JulyGradual: high","east_of_england"
"555","england","JulyGradual",2021-12-18,"full_lift_schools_closed",1.976,0.2,"high","JulyGradual: high","midlands"
"556","england","JulyGradual",2021-12-18,"full_lift_schools_closed",1.976,0.2,"high","JulyGradual: high","london"
"557","england","JulyGradual",2021-12-18,"full_lift_schools_closed",1.976,0.2,"high","JulyGradual: high","north_east_and_yorkshire"
"558","england","JulyGradual",2021-12-18,"full_lift_schools_closed",1.976,0.2,"high","JulyGradual: high","north_west"
"559","england","JulyGradual",2021-12-18,"full_lift_schools_closed",1.976,0.2,"high","JulyGradual: high","south_east"
"560","england","JulyGradual",2021-12-18,"full_lift_schools_closed",1.976,0.2,"high","JulyGradual: high","south_west"
"561","england","JulyGradual",2021-12-18,"full_lift_schools_closed",2.93,0.2,"low","JulyGradual: low","east_of_england"
"562","england","JulyGradual",2021-12-18,"full_lift_schools_closed",2.93,0.2,"low","JulyGradual: low","midlands"
"563","england","JulyGradual",2021-12-18,"full_lift_schools_closed",2.93,0.2,"low","JulyGradual: low","london"
"564","england","JulyGradual",2021-12-18,"full_lift_schools_closed",2.93,0.2,"low","JulyGradual: low","north_east_and_yorkshire"
"565","england","JulyGradual",2021-12-18,"full_lift_schools_closed",2.93,0.2,"low","JulyGradual: low","north_west"
"566","england","JulyGradual",2021-12-18,"full_lift_schools_closed",2.93,0.2,"low","JulyGradual: low","south_east"
"567","england","JulyGradual",2021-12-18,"full_lift_schools_closed",2.93,0.2,"low","JulyGradual: low","south_west"
"568","england","JulyGradual",2022-01-04,"full_lift_schools_open",2.703,0.2,"central","JulyGradual: central","east_of_england"
"569","england","JulyGradual",2022-01-04,"full_lift_schools_open",2.703,0.2,"central","JulyGradual: central","midlands"
"570","england","JulyGradual",2022-01-04,"full_lift_schools_open",2.703,0.2,"central","JulyGradual: central","london"
"571","england","JulyGradual",2022-01-04,"full_lift_schools_open",2.703,0.2,"central","JulyGradual: central","north_east_and_yorkshire"
"572","england","JulyGradual",2022-01-04,"full_lift_schools_open",2.703,0.2,"central","JulyGradual: central","north_west"
"573","england","JulyGradual",2022-01-04,"full_lift_schools_open",2.703,0.2,"central","JulyGradual: central","south_east"
"574","england","JulyGradual",2022-01-04,"full_lift_schools_open",2.703,0.2,"central","JulyGradual: central","south_west"
"575","england","JulyGradual",2022-01-04,"full_lift_schools_open",2.226,0.2,"high","JulyGradual: high","east_of_england"
"576","england","JulyGradual",2022-01-04,"full_lift_schools_open",2.226,0.2,"high","JulyGradual: high","midlands"
"577","england","JulyGradual",2022-01-04,"full_lift_schools_open",2.226,0.2,"high","JulyGradual: high","london"
"578","england","JulyGradual",2022-01-04,"full_lift_schools_open",2.226,0.2,"high","JulyGradual: high","north_east_and_yorkshire"
"579","england","JulyGradual",2022-01-04,"full_lift_schools_open",2.226,0.2,"high","JulyGradual: high","north_west"
"580","england","JulyGradual",2022-01-04,"full_lift_schools_open",2.226,0.2,"high","JulyGradual: high","south_east"
"581","england","JulyGradual",2022-01-04,"full_lift_schools_open",2.226,0.2,"high","JulyGradual: high","south_west"
"582","england","JulyGradual",2022-01-04,"full_lift_schools_open",3.18,0.2,"low","JulyGradual: low","east_of_england"
"583","england","JulyGradual",2022-01-04,"full_lift_schools_open",3.18,0.2,"low","JulyGradual: low","midlands"
"584","england","JulyGradual",2022-01-04,"full_lift_schools_open",3.18,0.2,"low","JulyGradual: low","london"
"585","england","JulyGradual",2022-01-04,"full_lift_schools_open",3.18,0.2,"low","JulyGradual: low","north_east_and_yorkshire"
"586","england","JulyGradual",2022-01-04,"full_lift_schools_open",3.18,0.2,"low","JulyGradual: low","north_west"
"587","england","JulyGradual",2022-01-04,"full_lift_schools_open",3.18,0.2,"low","JulyGradual: low","south_east"
"588","england","JulyGradual",2022-01-04,"full_lift_schools_open",3.18,0.2,"low","JulyGradual: low","south_west"
"589","england","JulyGradual",2022-02-12,"full_lift_schools_closed",2.453,0.2,"central","JulyGradual: central","east_of_england"
"590","england","JulyGradual",2022-02-12,"full_lift_schools_closed",2.453,0.2,"central","JulyGradual: central","midlands"
"591","england","JulyGradual",2022-02-12,"full_lift_schools_closed",2.453,0.2,"central","JulyGradual: central","london"
"592","england","JulyGradual",2022-02-12,"full_lift_schools_closed",2.453,0.2,"central","JulyGradual: central","north_east_and_yorkshire"
"593","england","JulyGradual",2022-02-12,"full_lift_schools_closed",2.453,0.2,"central","JulyGradual: central","north_west"
"594","england","JulyGradual",2022-02-12,"full_lift_schools_closed",2.453,0.2,"central","JulyGradual: central","south_east"
"595","england","JulyGradual",2022-02-12,"full_lift_schools_closed",2.453,0.2,"central","JulyGradual: central","south_west"
"596","england","JulyGradual",2022-02-12,"full_lift_schools_closed",1.976,0.2,"high","JulyGradual: high","east_of_england"
"597","england","JulyGradual",2022-02-12,"full_lift_schools_closed",1.976,0.2,"high","JulyGradual: high","midlands"
"598","england","JulyGradual",2022-02-12,"full_lift_schools_closed",1.976,0.2,"high","JulyGradual: high","london"
"599","england","JulyGradual",2022-02-12,"full_lift_schools_closed",1.976,0.2,"high","JulyGradual: high","north_east_and_yorkshire"
"600","england","JulyGradual",2022-02-12,"full_lift_schools_closed",1.976,0.2,"high","JulyGradual: high","north_west"
"601","england","JulyGradual",2022-02-12,"full_lift_schools_closed",1.976,0.2,"high","JulyGradual: high","south_east"
"602","england","JulyGradual",2022-02-12,"full_lift_schools_closed",1.976,0.2,"high","JulyGradual: high","south_west"
"603","england","JulyGradual",2022-02-12,"full_lift_schools_closed",2.93,0.2,"low","JulyGradual: low","east_of_england"
"604","england","JulyGradual",2022-02-12,"full_lift_schools_closed",2.93,0.2,"low","JulyGradual: low","midlands"
"605","england","JulyGradual",2022-02-12,"full_lift_schools_closed",2.93,0.2,"low","JulyGradual: low","london"
"606","england","JulyGradual",2022-02-12,"full_lift_schools_closed",2.93,0.2,"low","JulyGradual: low","north_east_and_yorkshire"
"607","england","JulyGradual",2022-02-12,"full_lift_schools_closed",2.93,0.2,"low","JulyGradual: low","north_west"
"608","england","JulyGradual",2022-02-12,"full_lift_schools_closed",2.93,0.2,"low","JulyGradual: low","south_east"
"609","england","JulyGradual",2022-02-12,"full_lift_schools_closed",2.93,0.2,"low","JulyGradual: low","south_west"
"610","england","JulyGradual",2022-02-21,"full_lift_schools_open",2.703,0.2,"central","JulyGradual: central","east_of_england"
"611","england","JulyGradual",2022-02-21,"full_lift_schools_open",2.703,0.2,"central","JulyGradual: central","midlands"
"612","england","JulyGradual",2022-02-21,"full_lift_schools_open",2.703,0.2,"central","JulyGradual: central","london"
"613","england","JulyGradual",2022-02-21,"full_lift_schools_open",2.703,0.2,"central","JulyGradual: central","north_east_and_yorkshire"
"614","england","JulyGradual",2022-02-21,"full_lift_schools_open",2.703,0.2,"central","JulyGradual: central","north_west"
"615","england","JulyGradual",2022-02-21,"full_lift_schools_open",2.703,0.2,"central","JulyGradual: central","south_east"
"616","england","JulyGradual",2022-02-21,"full_lift_schools_open",2.703,0.2,"central","JulyGradual: central","south_west"
"617","england","JulyGradual",2022-02-21,"full_lift_schools_open",2.226,0.2,"high","JulyGradual: high","east_of_england"
"618","england","JulyGradual",2022-02-21,"full_lift_schools_open",2.226,0.2,"high","JulyGradual: high","midlands"
"619","england","JulyGradual",2022-02-21,"full_lift_schools_open",2.226,0.2,"high","JulyGradual: high","london"
"620","england","JulyGradual",2022-02-21,"full_lift_schools_open",2.226,0.2,"high","JulyGradual: high","north_east_and_yorkshire"
"621","england","JulyGradual",2022-02-21,"full_lift_schools_open",2.226,0.2,"high","JulyGradual: high","north_west"
"622","england","JulyGradual",2022-02-21,"full_lift_schools_open",2.226,0.2,"high","JulyGradual: high","south_east"
"623","england","JulyGradual",2022-02-21,"full_lift_schools_open",2.226,0.2,"high","JulyGradual: high","south_west"
"624","england","JulyGradual",2022-02-21,"full_lift_schools_open",3.18,0.2,"low","JulyGradual: low","east_of_england"
"625","england","JulyGradual",2022-02-21,"full_lift_schools_open",3.18,0.2,"low","JulyGradual: low","midlands"
"626","england","JulyGradual",2022-02-21,"full_lift_schools_open",3.18,0.2,"low","JulyGradual: low","london"
"627","england","JulyGradual",2022-02-21,"full_lift_schools_open",3.18,0.2,"low","JulyGradual: low","north_east_and_yorkshire"
"628","england","JulyGradual",2022-02-21,"full_lift_schools_open",3.18,0.2,"low","JulyGradual: low","north_west"
"629","england","JulyGradual",2022-02-21,"full_lift_schools_open",3.18,0.2,"low","JulyGradual: low","south_east"
"630","england","JulyGradual",2022-02-21,"full_lift_schools_open",3.18,0.2,"low","JulyGradual: low","south_west"
"631","england","JulyGradual",2022-04-02,"full_lift_schools_closed",2.453,0.2,"central","JulyGradual: central","east_of_england"
"632","england","JulyGradual",2022-04-02,"full_lift_schools_closed",2.453,0.2,"central","JulyGradual: central","midlands"
"633","england","JulyGradual",2022-04-02,"full_lift_schools_closed",2.453,0.2,"central","JulyGradual: central","london"
"634","england","JulyGradual",2022-04-02,"full_lift_schools_closed",2.453,0.2,"central","JulyGradual: central","north_east_and_yorkshire"
"635","england","JulyGradual",2022-04-02,"full_lift_schools_closed",2.453,0.2,"central","JulyGradual: central","north_west"
"636","england","JulyGradual",2022-04-02,"full_lift_schools_closed",2.453,0.2,"central","JulyGradual: central","south_east"
"637","england","JulyGradual",2022-04-02,"full_lift_schools_closed",2.453,0.2,"central","JulyGradual: central","south_west"
"638","england","JulyGradual",2022-04-02,"full_lift_schools_closed",1.976,0.2,"high","JulyGradual: high","east_of_england"
"639","england","JulyGradual",2022-04-02,"full_lift_schools_closed",1.976,0.2,"high","JulyGradual: high","midlands"
"640","england","JulyGradual",2022-04-02,"full_lift_schools_closed",1.976,0.2,"high","JulyGradual: high","london"
"641","england","JulyGradual",2022-04-02,"full_lift_schools_closed",1.976,0.2,"high","JulyGradual: high","north_east_and_yorkshire"
"642","england","JulyGradual",2022-04-02,"full_lift_schools_closed",1.976,0.2,"high","JulyGradual: high","north_west"
"643","england","JulyGradual",2022-04-02,"full_lift_schools_closed",1.976,0.2,"high","JulyGradual: high","south_east"
"644","england","JulyGradual",2022-04-02,"full_lift_schools_closed",1.976,0.2,"high","JulyGradual: high","south_west"
"645","england","JulyGradual",2022-04-02,"full_lift_schools_closed",2.93,0.2,"low","JulyGradual: low","east_of_england"
"646","england","JulyGradual",2022-04-02,"full_lift_schools_closed",2.93,0.2,"low","JulyGradual: low","midlands"
"647","england","JulyGradual",2022-04-02,"full_lift_schools_closed",2.93,0.2,"low","JulyGradual: low","london"
"648","england","JulyGradual",2022-04-02,"full_lift_schools_closed",2.93,0.2,"low","JulyGradual: low","north_east_and_yorkshire"
"649","england","JulyGradual",2022-04-02,"full_lift_schools_closed",2.93,0.2,"low","JulyGradual: low","north_west"
"650","england","JulyGradual",2022-04-02,"full_lift_schools_closed",2.93,0.2,"low","JulyGradual: low","south_east"
"651","england","JulyGradual",2022-04-02,"full_lift_schools_closed",2.93,0.2,"low","JulyGradual: low","south_west"
"652","england","JulyGradual",2022-04-19,"full_lift_schools_open",2.703,0.2,"central","JulyGradual: central","east_of_england"
"653","england","JulyGradual",2022-04-19,"full_lift_schools_open",2.703,0.2,"central","JulyGradual: central","midlands"
"654","england","JulyGradual",2022-04-19,"full_lift_schools_open",2.703,0.2,"central","JulyGradual: central","london"
"655","england","JulyGradual",2022-04-19,"full_lift_schools_open",2.703,0.2,"central","JulyGradual: central","north_east_and_yorkshire"
"656","england","JulyGradual",2022-04-19,"full_lift_schools_open",2.703,0.2,"central","JulyGradual: central","north_west"
"657","england","JulyGradual",2022-04-19,"full_lift_schools_open",2.703,0.2,"central","JulyGradual: central","south_east"
"658","england","JulyGradual",2022-04-19,"full_lift_schools_open",2.703,0.2,"central","JulyGradual: central","south_west"
"659","england","JulyGradual",2022-04-19,"full_lift_schools_open",2.226,0.2,"high","JulyGradual: high","east_of_england"
"660","england","JulyGradual",2022-04-19,"full_lift_schools_open",2.226,0.2,"high","JulyGradual: high","midlands"
"661","england","JulyGradual",2022-04-19,"full_lift_schools_open",2.226,0.2,"high","JulyGradual: high","london"
"662","england","JulyGradual",2022-04-19,"full_lift_schools_open",2.226,0.2,"high","JulyGradual: high","north_east_and_yorkshire"
"663","england","JulyGradual",2022-04-19,"full_lift_schools_open",2.226,0.2,"high","JulyGradual: high","north_west"
"664","england","JulyGradual",2022-04-19,"full_lift_schools_open",2.226,0.2,"high","JulyGradual: high","south_east"
"665","england","JulyGradual",2022-04-19,"full_lift_schools_open",2.226,0.2,"high","JulyGradual: high","south_west"
"666","england","JulyGradual",2022-04-19,"full_lift_schools_open",3.18,0.2,"low","JulyGradual: low","east_of_england"
"667","england","JulyGradual",2022-04-19,"full_lift_schools_open",3.18,0.2,"low","JulyGradual: low","midlands"
"668","england","JulyGradual",2022-04-19,"full_lift_schools_open",3.18,0.2,"low","JulyGradual: low","london"
"669","england","JulyGradual",2022-04-19,"full_lift_schools_open",3.18,0.2,"low","JulyGradual: low","north_east_and_yorkshire"
"670","england","JulyGradual",2022-04-19,"full_lift_schools_open",3.18,0.2,"low","JulyGradual: low","north_west"
"671","england","JulyGradual",2022-04-19,"full_lift_schools_open",3.18,0.2,"low","JulyGradual: low","south_east"
"672","england","JulyGradual",2022-04-19,"full_lift_schools_open",3.18,0.2,"low","JulyGradual: low","south_west"
"673","england","JulyGradual",2022-05-28,"full_lift_schools_closed",2.453,0.2,"central","JulyGradual: central","east_of_england"
"674","england","JulyGradual",2022-05-28,"full_lift_schools_closed",2.453,0.2,"central","JulyGradual: central","midlands"
"675","england","JulyGradual",2022-05-28,"full_lift_schools_closed",2.453,0.2,"central","JulyGradual: central","london"
"676","england","JulyGradual",2022-05-28,"full_lift_schools_closed",2.453,0.2,"central","JulyGradual: central","north_east_and_yorkshire"
"677","england","JulyGradual",2022-05-28,"full_lift_schools_closed",2.453,0.2,"central","JulyGradual: central","north_west"
"678","england","JulyGradual",2022-05-28,"full_lift_schools_closed",2.453,0.2,"central","JulyGradual: central","south_east"
"679","england","JulyGradual",2022-05-28,"full_lift_schools_closed",2.453,0.2,"central","JulyGradual: central","south_west"
"680","england","JulyGradual",2022-05-28,"full_lift_schools_closed",1.976,0.2,"high","JulyGradual: high","east_of_england"
"681","england","JulyGradual",2022-05-28,"full_lift_schools_closed",1.976,0.2,"high","JulyGradual: high","midlands"
"682","england","JulyGradual",2022-05-28,"full_lift_schools_closed",1.976,0.2,"high","JulyGradual: high","london"
"683","england","JulyGradual",2022-05-28,"full_lift_schools_closed",1.976,0.2,"high","JulyGradual: high","north_east_and_yorkshire"
"684","england","JulyGradual",2022-05-28,"full_lift_schools_closed",1.976,0.2,"high","JulyGradual: high","north_west"
"685","england","JulyGradual",2022-05-28,"full_lift_schools_closed",1.976,0.2,"high","JulyGradual: high","south_east"
"686","england","JulyGradual",2022-05-28,"full_lift_schools_closed",1.976,0.2,"high","JulyGradual: high","south_west"
"687","england","JulyGradual",2022-05-28,"full_lift_schools_closed",2.93,0.2,"low","JulyGradual: low","east_of_england"
"688","england","JulyGradual",2022-05-28,"full_lift_schools_closed",2.93,0.2,"low","JulyGradual: low","midlands"
"689","england","JulyGradual",2022-05-28,"full_lift_schools_closed",2.93,0.2,"low","JulyGradual: low","london"
"690","england","JulyGradual",2022-05-28,"full_lift_schools_closed",2.93,0.2,"low","JulyGradual: low","north_east_and_yorkshire"
"691","england","JulyGradual",2022-05-28,"full_lift_schools_closed",2.93,0.2,"low","JulyGradual: low","north_west"
"692","england","JulyGradual",2022-05-28,"full_lift_schools_closed",2.93,0.2,"low","JulyGradual: low","south_east"
"693","england","JulyGradual",2022-05-28,"full_lift_schools_closed",2.93,0.2,"low","JulyGradual: low","south_west"
